911,901,"Eurotrip",2004,"Jeff Schaffer","Kristin","Kreuk"
755015,905,"Star Wars: Episode III - Revenge of the Sith",2005,"George Lucas","Natalie","Portman"
788002,907,"Bicentennial Man",1999,"Chris Columbus","Robin","Williams"
634004,908,"Lord of the Rings: The Return of the King",2003,"Peter Jackson","Liv","Tyler"
919,910,"Spider Man 2",2004,"Sam Raimi","Kirsten Dunst","Kreuk"
911,921,"Smallville: Season 3",2004,"Alfred Gough","Kristin","Kreuk"
671105,925,"The Majestic",2001,"Frank Darabont","Jim","Carrey"
788002,926,"Insomnia",2002,"Christopher Nolan","Robin","Williams"
634004,927,"Lord of the Rings: The Two Towers",2002,"Peter Jackson","Liv","Tyler"
490002,928,"Daredevil",2003,"Mark Steven Johnson","Jennifer","Garner"
919,929,"Spider Man",2002,"Sam Raimi","Kirsten Dunst","Kreuk"
48011,48011,"The Phantom of the Opera",2004,"Joel Schumacher","Gerard","Butler"
48012,48011,"The Phantom of the Opera",2004,"Joel Schumacher","Minnie","Driver"
135003,135001,"12 Monkeys",1995,"Terry Gilliam","Madeleine","Stowe"
855102,135001,"12 Monkeys",1995,"Terry Gilliam","Bruce","Willis"
855106,135001,"12 Monkeys",1995,"Terry Gilliam","Brad","Pitt"
135005,135002,"Blade Runner",1982,"Ridley Scott","Rutger","Hauer"
135006,135002,"Blade Runner",1982,"Ridley Scott","Daryl","Hannah"
755003,135002,"Blade Runner",1982,"Ridley Scott","Harrison","Ford"
135008,135004,"The Usual Suspects",1995,"Bryan Singer","Kevin","Spacey"
135009,135004,"The Usual Suspects",1995,"Bryan Singer","Gabriel","Byrne"
326112,135005,"Zoolander",2001,"Ben Stiller","Owen","Wilson"
872003,135005,"Zoolander",2001,"Ben Stiller","Ben","Stiller"
135012,135006,"The Life Aquatic",2004,"Wes Anderson","Bill","Murray"
135013,135006,"The Life Aquatic",2004,"Wes Anderson","Cate ","Blanchett"
326112,135006,"The Life Aquatic",2004,"Wes Anderson","Owen","Wilson"
135015,135007,"The Lost Boys",1987,"Joel Schumacher","Kiefer","Sutherland"
671103,135009,"The Royal Tenenbaums",2001,"Wes Anderson","Mel","Gibson"
855109,135011,"A Nightmare On Elm Street",1984,"Wes Craven","Johnny","Depp"
135022,135012,"Dumb and Dumber",1994,"Peter Farrelly","Jeff","Daniels"
671105,135012,"Dumb and Dumber",1994,"Peter Farrelly","Jim","Carrey"
135023,135013,"Elf",2003,"Jon Favreau","Will","Farrel"
135024,135014,"Monty Python and the Holy Grail",1975,"Terry Jones","Graham","Chapman"
140002,140001,"Bourne Identity",2004,"Doug Liman","Franka","Potente"
140003,140001,"Bourne Identity",2004,"Doug Liman","Chris","Cooper"
140004,140001,"Bourne Identity",2004,"Doug Liman","Brian","Cox"
788006,140001,"Bourne Identity",2004,"Doug Liman","Matt","Damon"
140010,140003,"Mr. and Mrs. Smith",2005,"Doug Liman","Greg","Ellis"
788007,140003,"Mr. and Mrs. Smith",2005,"Doug Liman","Angelina","Jolie"
855106,140003,"Mr. and Mrs. Smith",2005,"Doug Liman","Brad","Pitt"
140011,140004,"Gone in 60 Seconds",2000,"Dominic Sena","Nickolas","Cage"
140012,140004,"Gone in 60 Seconds",2000,"Dominic Sena","Giovanni","Ribsi"
140013,140004,"Gone in 60 Seconds",2000,"Dominic Sena","William","Scott"
140014,140004,"Gone in 60 Seconds",2000,"Dominic Sena","Scott","Caan"
788007,140004,"Gone in 60 Seconds",2000,"Dominic Sena","Angelina","Jolie"
140022,140009,"Bride and Prejudice",2005,"Gurinder Chadha","Aishwarya","Rai"
217033,140009,"Bride and Prejudice",2005,"Gurinder Chadha","Martin","Henderson"
140020,140010,"The Hunted",2003,"William Friedkin","Benicio","Del Toro"
140024,140010,"The Hunted",2003,"William Friedkin","TommyLee","Jones"
855109,150001,"Charlie and the Chocolate Factory",2005,"Tim Burton","Johnny","Depp"
150002,150002,"Are We There Yet",2005,"Brian Levant","Ice","Cube"
150003,150003,"Beautiful Boxer",2005,"Ekachai Uekrongtham","Asanee","Suwan"
150004,150004,"Alone in the Dark ",2005,"Uwe Boll","Christian","Slater"
150005,150005,"Hide and Seek",2005,"John Polson","Robert","De Niro"
150006,150006,"Coach Carter",2005,"Thomas Carter","Samuel","Jackson"
150008,150008,"Racing Stripes",2005,"Frederik Du Chau","Emmet","Walsh"
634003,150009,"Kingdom of Heaven",2005,"Ridley Scott","Orlando","Bloom"
150010,150010,"Alexander",2005,"Oliver Stone","Colin","Farrell"
693100,156001,"Aviator",2004,"Martin Scorsese","Leonardo","DiCaprio"
693105,156001,"Aviator",2004,"Martin Scorsese","Cate","Blanchett"
693106,156001,"Aviator",2004,"Martin Scorsese","Kate","Beckinsale"
156005,156003,"Love the Hard Way",2001,"Peter Sehr","Charlotte","Ayanna"
764012,156003,"Love the Hard Way",2001,"Peter Sehr","Adrien","Brody"
156009,156005,"The Terminator",1984,"James Cameron","Arnold","Schwarzenegger"
156010,156005,"The Terminator",1984,"James Cameron","Linda","Hamilton"
156011,156006,"Jurassic Park",1993,"Steven Spielberg","Jeff","Goldblum"
156012,156006,"Jurassic Park",1993,"Steven Spielberg","Linda","Hamilton"
156023,156006,"Jurassic Park",1993,"Steven Spielberg","Samuel L.","Jackson"
135007,156008,"Snatch",2000,"Guy Ritchie","Jason","Statham"
140020,156008,"Snatch",2000,"Guy Ritchie","Benicio","Del Toro"
156016,156008,"Snatch",2000,"Guy Ritchie","Vinnie","Jones"
855106,156008,"Snatch",2000,"Guy Ritchie","Brad","Pitt"
217022,217002,"The New World",2005,"Terrence Malick","Colin","Ferrell"
907007,217002,"The New World",2005,"Terrence Malick","Christian","Bale"
764006,217003,"Hide And Seek",2005,"John Polson","Robert","De Niro"
217040,217005,"Racing Stripes",2005,"Frederik Du Chau","Frankie","Muniz"
217042,217005,"Racing Stripes",2005,"Frederik Du Chau","Whoopi","Goldberg"
693108,217005,"Racing Stripes",2005,"Frederik Du Chau","Dustin","Hoffman"
326111,217006,"Cinderella Man",2005,"Ron Howard","Renee","Zellweger"
788003,217006,"Cinderella Man",2005,"Ron Howard","Russell","Crowe"
217037,217007,"The Ring 2",2005,"Hideo Nakata","Naomi","Watts"
412019,217008,"Robots",2005,"Chris Wedge","Halle","Berry"
658003,217008,"Robots",2005,"Chris Wedge","Ewan","McGregor"
217035,217009,"Son Of The Mask",2005,"Larry Guterman","Jamie","Kennedy"
634003,217010,"Kingdom Of Heaven",2005,"Ridley Scott","Orlando","Bloom"
217033,217011,"Bride And Prejudice",2004,"Gurinder Chadha","Martin","Henderson"
217032,217012,"Miss Congeniality 2: ARMED AND FABULOUS",2005,"John Pasquin","Sandra","Bullock"
217031,217013,"Swimming Upstream",2003,"Russell Mulcahy","Geoffrey","Rush"
412031,217015,"Unleashed",2005,"Louis Leterrier","Morgan","Freeman"
755005,217015,"Unleashed",2005,"Louis Leterrier","Jet","Li"
217028,217016,"Spiderman 2",2005,"Sam Raimi","Kirsten","Dunst"
788009,217016,"Spiderman 2",2005,"Sam Raimi","Tobey","Maguire"
693116,217017,"Hitch",2005,"Andy Tennant","Will","Smith"
217025,217018,"Million Dollar Baby",2005,"Clint Eastwood","Clint","Eastwood"
907007,217019,"The Machinist",2005,"Brad Anderson","Christian","Bale"
217022,217020,"Alexander",2004,"Oliver Stone","Colin","Ferrell"
788007,217020,"Alexander",2004,"Oliver Stone","Angelina","Jolie"
658011,259001,"About A Boy",2002,"Chris Weitz","Hugh","Grant"
755005,259003,"Hero",2002,"Yimou Zhang","Jet","Li"
422405,259004,"Lost In Translation",2003,"Sofia Coppola","Scarlett","Johansson"
490009,259005,"Wonder Boys",2000,"Curtis Hanson","Michael","Douglas"
693113,259006,"Before Sunrise",1995,"Richard Linklater","Ethan","Hawke"
658016,259008,"Requiem For a Dream",2000,"Darren Aronofsky","Jennifer","Connelly"
764006,326002,"Godsend",2004,"Nick Hamm","Robert","De Niro"
326103,326004,"Along Came Polly",2004,"John Hamburg","Jennifer","Aniston"
872003,326004,"Along Came Polly",2004,"John Hamburg","Ben","Stiller"
326103,326005,"Bruce Almighty",2003,"Tom Shadyac","Jennifer","Aniston"
671105,326005,"Bruce Almighty",2003,"Tom Shadyac","Jim","Carrey"
326105,326006,"Lemony Snicket's A Series of Unfortunate Events",2004,"Brad Silberling","Meryl","Streep"
422406,326006,"Lemony Snicket's A Series of Unfortunate Events",2004,"Brad Silberling","Jude","Law"
671105,326006,"Lemony Snicket's A Series of Unfortunate Events",2004,"Brad Silberling","Jim","Carrey"
872008,326008,"Birth",2004,"Jonathan Glazer","Nicole","Kidman"
855106,412002,"Snatch.",2000,"Guy Ritchie","Brad","Pitt"
412017,412004,"X2",2003,"Bryan Singer","Hugh","Jackman"
412018,412004,"X2",2003,"Bryan Singer","Rebecca","Romijn-Stamos"
412019,412004,"X2",2003,"Bryan Singer","Halle","Berry"
412020,412004,"X2",2003,"Bryan Singer","Kelly","Hu"
48010,412008,"White Noise",2005,"Geoffrey Sax","Michael","Keaton"
422402,422102,"Eternal Sunshine of the Spotless Mind",2004,"Michel Gondry","Mark","Ruffalo"
755012,422103,"Le Fabuleux destin dAm?ie Poulain",2001,"Jean-Pierre Jeunet","Audrey","Tautou"
422405,422104,"Ghost World",2004,"Terry Zwigoff","Scarlett","Johansson"
422405,422105,"Girl with a Pearl Earring",2003,"Peter Webber","Scarlett","Johansson"
422410,422105,"Girl with a Pearl Earring",2003,"Peter Webber","Colin","Firth"
422406,422106,"I Heart Huckabees",2004,"David O. Russell","Jude","Law"
422404,422108,"Donnie Darko",2001,"Richard Kelly","Jake","Gyllenhaal"
422409,422109,"The Princess Bride",1987,"Rob Reiner","Billy","Crystal"
855100,422110,"Vampire Effect",2003,"Dante Lam","Jackie","Chan"
855102,490003,"Hostage",2005,"Florent Emilio Siri","Bruce","Willis"
326111,490006,"Cold Mountain",2003,"Anthony Minghella","Renee","Zellweger"
422406,490006,"Cold Mountain",2003,"Anthony Minghella","Jude","Law"
872008,490006,"Cold Mountain",2003,"Anthony Minghella","Nicole","Kidman"
490012,490008,"The Sound of Music",1965,"Robert Wise","Julie","Andrews"
755010,490010,"Walk in the Clouds",1995,"Alfonso Arau","Keanu","Reeves"
140020,490011,"Traffic",2000,"Steven Soderbergh","Benicio","Del Toro"
490009,490011,"Traffic",2000,"Steven Soderbergh","Michael","Douglas"
693109,490011,"Traffic",2000,"Steven Soderbergh","Catherine","Zeta-Jones"
855104,490012,"Pretty Woman",1990,"Gary Marshall","Richard","Gere"
855105,490012,"Pretty Woman",1990,"Gary Marshall","Julia","Roberts"
855105,490015,"Notting Hill",1999,"Roger Michell","Julia","Roberts"
855105,490016,"Stepmom",1998,"Chris Columbus","Julia","Roberts"
658003,492001,"Star Wars, Episode 3: Revenge of the Sith",2005,"George Lucas","Ewan","McGregor"
755015,492001,"Star Wars, Episode 3: Revenge of the Sith",2005,"George Lucas","Natalie","Portman"
907000,492001,"Star Wars, Episode 3: Revenge of the Sith",2005,"George Lucas","Samuel","Jackson"
492107,492002,"The Lord of the Rings: The Return of the King",2003,"Peter Jackson","Ian","Holm"
634004,492002,"The Lord of the Rings: The Return of the King",2003,"Peter Jackson","Liv","Tyler"
634008,492002,"The Lord of the Rings: The Return of the King",2003,"Peter Jackson","Elijah","Wood"
693104,492002,"The Lord of the Rings: The Return of the King",2003,"Peter Jackson","Sean","Astin"
492107,492003,"The Lord of the Rings: The Two Towers",2002,"Peter Jackson","Ian","Holm"
634004,492003,"The Lord of the Rings: The Two Towers",2002,"Peter Jackson","Liv","Tyler"
634008,492003,"The Lord of the Rings: The Two Towers",2002,"Peter Jackson","Elijah","Wood"
693104,492003,"The Lord of the Rings: The Two Towers",2002,"Peter Jackson","Sean","Astin"
48007,492006,"In Good Company",2004,"Paul Weitz","Dennis","Quaid"
492108,492009,"Hotel Rwanda",2004,"Terry George","Don","Cheadle"
525101,525001,"Dr. No",1962,"Terence Young","Sean","Connery"
525106,525001,"Dr. No",1962,"Terence Young","Bernard","Lee"
525109,525001,"Dr. No",1962,"Terence Young","Lois","Maxwell"
525101,525002,"From Russia with Love",1963,"Terence Young","Sean","Connery"
525106,525002,"From Russia with Love",1963,"Terence Young","Bernard","Lee"
525109,525002,"From Russia with Love",1963,"Terence Young","Lois","Maxwell"
525112,525002,"From Russia with Love",1963,"Terence Young","Desmond","Llewelyn"
525101,525003,"Goldfinger",1964,"Guy Hamilton","Sean","Connery"
525106,525003,"Goldfinger",1964,"Guy Hamilton","Bernard","Lee"
525109,525003,"Goldfinger",1964,"Guy Hamilton","Lois","Maxwell"
525112,525003,"Goldfinger",1964,"Guy Hamilton","Desmond","Llewelyn"
525101,525004,"Thunderball",1965,"Terence Young","Sean","Connery"
525106,525004,"Thunderball",1965,"Terence Young","Bernard","Lee"
525109,525004,"Thunderball",1965,"Terence Young","Lois","Maxwell"
525112,525004,"Thunderball",1965,"Terence Young","Desmond","Llewelyn"
525101,525005,"You Only Live Twice",1967,"Lewis Gilbert","Sean","Connery"
525106,525005,"You Only Live Twice",1967,"Lewis Gilbert","Bernard","Lee"
525109,525005,"You Only Live Twice",1967,"Lewis Gilbert","Lois","Maxwell"
525112,525005,"You Only Live Twice",1967,"Lewis Gilbert","Desmond","Llewelyn"
525102,525006,"On Her Majestys Secret Service",1969,"Peter R. Hunt","George","Lazenby"
525106,525006,"On Her Majestys Secret Service",1969,"Peter R. Hunt","Bernard","Lee"
525109,525006,"On Her Majestys Secret Service",1969,"Peter R. Hunt","Lois","Maxwell"
525112,525006,"On Her Majestys Secret Service",1969,"Peter R. Hunt","Desmond","Llewelyn"
525101,525007,"Diamonds are Forever",1971,"Guy Hamilton","Sean","Connery"
525106,525007,"Diamonds are Forever",1971,"Guy Hamilton","Bernard","Lee"
525109,525007,"Diamonds are Forever",1971,"Guy Hamilton","Lois","Maxwell"
525112,525007,"Diamonds are Forever",1971,"Guy Hamilton","Desmond","Llewelyn"
525103,525008,"Live and Let Die",1973,"Guy Hamilton","Roger","Moore"
525106,525008,"Live and Let Die",1973,"Guy Hamilton","Bernard","Lee"
525109,525008,"Live and Let Die",1973,"Guy Hamilton","Lois","Maxwell"
525103,525009,"The Man with the Golden Gun",1974,"Guy Hamilton","Roger","Moore"
525106,525009,"The Man with the Golden Gun",1974,"Guy Hamilton","Bernard","Lee"
525109,525009,"The Man with the Golden Gun",1974,"Guy Hamilton","Lois","Maxwell"
525112,525009,"The Man with the Golden Gun",1974,"Guy Hamilton","Desmond","Llewelyn"
525103,525010,"The Spy Who Loved Me",1977,"Lewis Gilbert","Roger","Moore"
525106,525010,"The Spy Who Loved Me",1977,"Lewis Gilbert","Bernard","Lee"
525109,525010,"The Spy Who Loved Me",1977,"Lewis Gilbert","Lois","Maxwell"
525112,525010,"The Spy Who Loved Me",1977,"Lewis Gilbert","Desmond","Llewelyn"
525103,525011,"Moonraker",1979,"Lewis Gilbert","Roger","Moore"
525106,525011,"Moonraker",1979,"Lewis Gilbert","Bernard","Lee"
525109,525011,"Moonraker",1979,"Lewis Gilbert","Lois","Maxwell"
525112,525011,"Moonraker",1979,"Lewis Gilbert","Desmond","Llewelyn"
525103,525012,"For Your Eyes Only",1981,"John Glen","Roger","Moore"
525109,525012,"For Your Eyes Only",1981,"John Glen","Lois","Maxwell"
525112,525012,"For Your Eyes Only",1981,"John Glen","Desmond","Llewelyn"
525103,525013,"Octopussy",1983,"John Glen","Roger","Moore"
525107,525013,"Octopussy",1983,"John Glen","Robert","Brown"
525109,525013,"Octopussy",1983,"John Glen","Lois","Maxwell"
525112,525013,"Octopussy",1983,"John Glen","Desmond","Llewelyn"
525103,525014,"A View to a Kill",1985,"John Glen","Roger","Moore"
525107,525014,"A View to a Kill",1985,"John Glen","Robert","Brown"
525109,525014,"A View to a Kill",1985,"John Glen","Lois","Maxwell"
525112,525014,"A View to a Kill",1985,"John Glen","Desmond","Llewelyn"
525107,525015,"The Living Daylights",1987,"John Glen","Robert","Brown"
525110,525015,"The Living Daylights",1987,"John Glen","Caroline","Bliss"
525112,525015,"The Living Daylights",1987,"John Glen","Desmond","Llewelyn"
631012,525015,"The Living Daylights",1987,"John Glen","Timothy","Dalton"
525107,525016,"Licence to Kill",1989,"John Glen","Robert","Brown"
525110,525016,"Licence to Kill",1989,"John Glen","Caroline","Bliss"
525112,525016,"Licence to Kill",1989,"John Glen","Desmond","Llewelyn"
631012,525016,"Licence to Kill",1989,"John Glen","Timothy","Dalton"
525105,525017,"GoldenEye",1995,"Martin Campbell","Pierce","Brosnan"
525108,525017,"GoldenEye",1995,"Martin Campbell","Judi","Dench"
525111,525017,"GoldenEye",1995,"Martin Campbell","Samantha","Bond"
525112,525017,"GoldenEye",1995,"Martin Campbell","Desmond","Llewelyn"
525105,525018,"Tomorrow Never Dies",1997,"Roger Spottiswoode","Pierce","Brosnan"
525108,525018,"Tomorrow Never Dies",1997,"Roger Spottiswoode","Judi","Dench"
525111,525018,"Tomorrow Never Dies",1997,"Roger Spottiswoode","Samantha","Bond"
525112,525018,"Tomorrow Never Dies",1997,"Roger Spottiswoode","Desmond","Llewelyn"
525105,525019,"The World is Not Enough",1999,"Michael Apted","Pierce","Brosnan"
525108,525019,"The World is Not Enough",1999,"Michael Apted","Judi","Dench"
525111,525019,"The World is Not Enough",1999,"Michael Apted","Samantha","Bond"
525112,525019,"The World is Not Enough",1999,"Michael Apted","Desmond","Llewelyn"
525113,525019,"The World is Not Enough",1999,"Michael Apted","John","Cleese"
525105,525020,"Die Another Day",2002,"Lee Tamahori","Pierce","Brosnan"
525108,525020,"Die Another Day",2002,"Lee Tamahori","Judi","Dench"
525111,525020,"Die Another Day",2002,"Lee Tamahori","Samantha","Bond"
525113,525020,"Die Another Day",2002,"Lee Tamahori","John","Cleese"
631001,631001,"Roman Holiday",1953,"William Wyler","Gregory","Peck"
631002,631001,"Roman Holiday",1953,"William Wyler","Audrey","Hepburn"
631002,631002,"Breakfast at Tiffany's",1961,"Blake Edwards","Audrey","Hepburn"
631015,631002,"Breakfast at Tiffany's",1961,"Blake Edwards","George","Peppard"
631016,631002,"Breakfast at Tiffany's",1961,"Blake Edwards","Patricia","Neal"
631017,631002,"Breakfast at Tiffany's",1961,"Blake Edwards","Buddy","Ebsen"
631018,631002,"Breakfast at Tiffany's",1961,"Blake Edwards","Mickey","Rooney"
631003,631003,"Anna and the King",1999,"Andy Tennant","Jodie","Foster"
631004,631003,"Anna and the King",1999,"Andy Tennant","Yun-Fat","Chow"
631005,631004,"Gone with the Wind",1939,"Victor Flemming, George Cukor, Sam Wood","Clark","Gable"
631006,631004,"Gone with the Wind",1939,"Victor Flemming, George Cukor, Sam Wood","Vivien","Leigh"
631007,631005,"Home Alone",1990,"Chris Columbus","Macaulay","Culkin"
631007,631006,"Home Alone 2: Lost in New York",1992,"Chris Columbus","Macaulay","Culkin"
631008,631008,"City Light",1931,"Charles Chaplin","Charles","Chaplin"
631011,631009,"Shogun",1980,"Jerry London","Richard","Chamberlain"
631012,631010,"License To Kill",1989,"John Glen","Timothy","Dalton"
634002,634002,"The Matrix Reloaded",2003,"Wachowski Brothers","Laurence ","Fishburne"
634005,634002,"The Matrix Reloaded",2003,"Wachowski Brothers","Hugo","Weaving"
755010,634002,"The Matrix Reloaded",2003,"Wachowski Brothers","Keanu","Reeves"
634002,634003,"The Matrix Revolutions",2003,"Wachowski Brothers","Laurence ","Fishburne"
634005,634003,"The Matrix Revolutions",2003,"Wachowski Brothers","Hugo","Weaving"
755010,634003,"The Matrix Revolutions",2003,"Wachowski Brothers","Keanu","Reeves"
634003,634004,"The Lord of the Rings: The Fellowship of the Ring",2001,"Peter Jackson","Orlando","Bloom"
634004,634004,"The Lord of the Rings: The Fellowship of the Ring",2001,"Peter Jackson","Liv","Tyler"
634005,634004,"The Lord of the Rings: The Fellowship of the Ring",2001,"Peter Jackson","Hugo","Weaving"
634006,634004,"The Lord of the Rings: The Fellowship of the Ring",2001,"Peter Jackson","Viggo","Mortensen"
634007,634004,"The Lord of the Rings: The Fellowship of the Ring",2001,"Peter Jackson","Ian","McKellen"
634008,634004,"The Lord of the Rings: The Fellowship of the Ring",2001,"Peter Jackson","Elijah","Wood"
693104,634004,"The Lord of the Rings: The Fellowship of the Ring",2001,"Peter Jackson","Sean","Astin"
634003,634005,"The Lord of the Rings: The Two Towers",2002,"Peter Jackson","Orlando","Bloom"
634004,634005,"The Lord of the Rings: The Two Towers",2002,"Peter Jackson","Liv","Tyler"
634005,634005,"The Lord of the Rings: The Two Towers",2002,"Peter Jackson","Hugo","Weaving"
634006,634005,"The Lord of the Rings: The Two Towers",2002,"Peter Jackson","Viggo","Mortensen"
634007,634005,"The Lord of the Rings: The Two Towers",2002,"Peter Jackson","Ian","McKellen"
634008,634005,"The Lord of the Rings: The Two Towers",2002,"Peter Jackson","Elijah","Wood"
634003,634006,"The Lord of the Rings: The Return of the King",2003,"Peter Jackson","Orlando","Bloom"
634004,634006,"The Lord of the Rings: The Return of the King",2003,"Peter Jackson","Liv","Tyler"
634005,634006,"The Lord of the Rings: The Return of the King",2003,"Peter Jackson","Hugo","Weaving"
634006,634006,"The Lord of the Rings: The Return of the King",2003,"Peter Jackson","Viggo","Mortensen"
634007,634006,"The Lord of the Rings: The Return of the King",2003,"Peter Jackson","Ian","McKellen"
634008,634006,"The Lord of the Rings: The Return of the King",2003,"Peter Jackson","Elijah","Wood"
634011,634007,"Crouching Tiger Hidden Dragon",2000,"Ang Lee","Zhang","Ziyi"
412005,634009,"Ocean's Eleven",2001,"Steven Soderbergh","Andy","Garcia"
693103,634009,"Ocean's Eleven",2001,"Steven Soderbergh","Brad","Pitt"
693109,634009,"Ocean's Eleven",2001,"Steven Soderbergh","Catherine","Zeta-Jones"
788006,634009,"Ocean's Eleven",2001,"Steven Soderbergh","Matt","Damon"
855105,634009,"Ocean's Eleven",2001,"Steven Soderbergh","Julia","Roberts"
855106,634009,"Ocean's Eleven",2001,"Steven Soderbergh","Brad","Pitt"
855108,634009,"Ocean's Eleven",2001,"Steven Soderbergh","George","Clooney"
658008,658001,"Titanic",1997,"James Cameron","Kate","Winslet"
693100,658001,"Titanic",1997,"James Cameron","Leonardo","DiCaprio"
658007,658003,"American Beauty",1999,"Sam Mendes","Thora","Birch"
658013,658003,"American Beauty",1999,"Sam Mendes","Mena","Suvari"
658012,658004,"Shakespeare in Love",1998,"John Madden","Joesph","Fiennes"
658010,658006,"Mystic River",2003,"Clint Eastwood","Sean","Penn"
658018,658006,"Mystic River",2003,"Clint Eastwood","Emmy","Rossum"
658019,658006,"Mystic River",2003,"Clint Eastwood","Tim","Robbins"
693100,658008,"Catch Me If You Can",2002,"Steven Spielberg","Leonardo","DiCaprio"
788010,658008,"Catch Me If You Can",2002,"Steven Spielberg","Tom","Hanks"
658001,658009,"8 Mile",2002,"Curtis Hanson","none","Eminem"
764014,671001,"Alien",1979,"Ridley Scott","Sigourney","Weaver"
764014,671002,"Aliens",1986,"James Cameron","Sigourney","Weaver"
764014,671003,"Alien3",1992,"David Fincher","Sigourney","Weaver"
755006,671004,"Bowling for Columbine",2002,"Michael Moore","Michael","Moore"
671103,671006,"Braveheart",1995,"Mel Gibson","Mel","Gibson"
788010,671007,"Saving Private Ryan",1998,"Steven Spielberg","Tom","Hanks"
671105,671009,"The Mask",1994,"Chuck Russell","Jim","Carrey"
788006,671010,"Dogma",1999,"Kevin Smith","Matt","Damon"
671107,671011,"Starship Troopers",1997,"Paul Verhoeven","Casper","Van Dien"
693116,671013,"Men In Black",1997,"Barry Sonnenfeld","Will","Smith"
693116,671014,"Men in Black II",2002,"Barry Sonnenfeld","Will","Smith"
671109,671015,"The Mummy",1999,"Stephen Sommers","Brendan","Fraser"
671109,671016,"The Mummy Returns",2001,"Stephen Sommers","Brendan","Fraser"
671109,671017,"Blast From the Past",1999,"Hugh Wilson","Brendan","Fraser"
755003,671019,"Indiana Jones and the Temple of Doom",1984,"Steven Spielberg","Harrison","Ford"
525101,671020,"Indiana Jones and the Last Crusade",1989,"Steven Spielberg","Sean","Connery"
755003,671020,"Indiana Jones and the Last Crusade",1989,"Steven Spielberg","Harrison","Ford"
631009,683001,"The Godfather",1972,"Francis Ford Coppola","Marlon","Brando"
631010,683001,"The Godfather",1972,"Francis Ford Coppola","Diane","Keaton"
631014,683001,"The Godfather",1972,"Francis Ford Coppola","James","Caan"
683001,683001,"The Godfather",1972,"Francis Ford Coppola","Al","Pacino"
683002,683001,"The Godfather",1972,"Francis Ford Coppola","Marlon","Brando"
683001,683002,"Scarface",1983,"Brian De Palma","Al","Pacino"
683013,683002,"Scarface",1983,"Brian De Palma","Michelle","Pfeiffer"
683014,683002,"Scarface",1983,"Brian De Palma","Steven","Bauer"
140012,683003,"Boiler Room",2000,"Ben Younger","Giovanni","Ribsi"
140014,683003,"Boiler Room",2000,"Ben Younger","Scott","Caan"
140016,683003,"Boiler Room",2000,"Ben Younger","Nia","Long"
140017,683003,"Boiler Room",2000,"Ben Younger","Nicky","Katt"
683003,683003,"Boiler Room",2000,"Ben Younger","Giovanni","Ribisi"
683008,683003,"Boiler Room",2000,"Ben Younger","Vin","Diesel"
683004,683004,"Driven",2001,"Renny Harlin","Sylvester","Stallone"
683018,683004,"Driven",2001,"Renny Harlin","Gina","Gershon"
683019,683004,"Driven",2001,"Renny Harlin","Estella","Warren"
683001,683005,"Any Given Sunday",1999,"Oliver Stone","Al","Pacino"
683021,683005,"Any Given Sunday",1999,"Oliver Stone","Jamie","Foxx"
755016,683005,"Any Given Sunday",1999,"Oliver Stone","Cameron","Diaz"
855105,683006,"Oceans Eleven",1995,"Steven Soderbergh","Julia","Roberts"
855106,683006,"Oceans Eleven",1995,"Steven Soderbergh","Brad","Pitt"
855108,683006,"Oceans Eleven",1995,"Steven Soderbergh","George","Clooney"
683007,683007,"The Fast and the Furious",2001,"Rob Cohen","Paul","Walker"
683008,683007,"The Fast and the Furious",2001,"Rob Cohen","Vin","Diesel"
683020,683007,"The Fast and the Furious",2001,"Rob Cohen","Jordana","Brewster"
872002,683008,"Barbershop",2002,"Tim Story","Ice","Cube"
683010,683009,"Black Hawk Down",2002,"Ridley Scott","Josh","Hartnett"
693100,693000,"The Aviator",2004,"Martin Scorsese","Leonardo","DiCaprio"
693106,693000,"The Aviator",2004,"Martin Scorsese","Kate","Beckinsale"
693119,693000,"The Aviator",2004,"Martin Scorsese","Alec","Baldwin"
48002,693001,"Elektra",2005,"Rob Bowman","Jennifer","Garner"
412026,693001,"Elektra",2005,"Rob Bowman","Goran","Visnjic"
412027,693001,"Elektra",2005,"Rob Bowman","Will Yun","Lee"
490002,693001,"Elektra",2005,"Rob Bowman","Jennifer","Garner"
693101,693001,"Elektra",2005,"Rob Bowman","Jennifer","Garner"
412005,693003,"Ocean's Twelve",2004,"Steven Soderbergh","Andy","Garcia"
693103,693003,"Ocean's Twelve",2004,"Steven Soderbergh","Brad","Pitt"
693109,693003,"Ocean's Twelve",2004,"Steven Soderbergh","Catherine","Zeta-Jones"
788006,693003,"Ocean's Twelve",2004,"Steven Soderbergh","Matt","Damon"
855105,693003,"Ocean's Twelve",2004,"Steven Soderbergh","Julia","Roberts"
855106,693003,"Ocean's Twelve",2004,"Steven Soderbergh","Brad","Pitt"
855108,693003,"Ocean's Twelve",2004,"Steven Soderbergh","George","Clooney"
693104,693004,"The Goonies",1985,"Richard Donner","Sean","Astin"
693100,693005,"Coach Carter",2005,"Thomas Carter","Leonardo","DiCaprio"
693106,693005,"Coach Carter",2005,"Thomas Carter","Kate","Beckinsale"
693111,693005,"Coach Carter",2005,"Thomas Carter","Ashanti","Douglas"
907000,693005,"Coach Carter",2005,"Thomas Carter","Samuel","Jackson"
693100,693006,"Assault on Precinct 13",2005,"Jean-Fran?is Richet","Leonardo","DiCaprio"
693112,693006,"Assault on Precinct 13",2005,"Jean-Fran?is Richet","Laurence","Fishburne"
693113,693006,"Assault on Precinct 13",2005,"Jean-Fran?is Richet","Ethan","Hawke"
658014,693007,"Forrest Gump",1994,"Robert Zemeckis","Sally","Field"
693115,693007,"Forrest Gump",1994,"Robert Zemeckis","Gary","Sinise"
788010,693007,"Forrest Gump",1994,"Robert Zemeckis","Tom","Hanks"
693116,693008,"Independence Day",1996,"Roland Emmerich","Will","Smith"
693117,693009,"The Sixth Sense",1999,"M. Night Shyamalan","Bruce","Willis"
755012,755001,"Amelie",2001,"Jean-Pierre Jeunet","Audrey","Tautou"
755001,755003,"Garden State",2004,"Zach Braff","Zach","Braff"
755015,755003,"Garden State",2004,"Zach Braff","Natalie","Portman"
755005,755004,"Hero",2004,"Zhang Yimou","Jet","Li"
658003,755005,"Moulin Rouge",2001,"Baz Luhrmann","Ewan","McGregor"
755014,755005,"Moulin Rouge",2001,"Baz Luhrmann","Ewan","MacGregor"
872008,755005,"Moulin Rouge",2001,"Baz Luhrmann","Nicole","Kidman"
140014,755006,"Oceans Eleven",2001,"Steven Soderbergh","Scott","Caan"
412005,755006,"Oceans Eleven",2001,"Steven Soderbergh","Andy","Garcia"
788006,755006,"Oceans Eleven",2001,"Steven Soderbergh","Matt","Damon"
855105,755006,"Oceans Eleven",2001,"Steven Soderbergh","Julia","Roberts"
855106,755006,"Oceans Eleven",2001,"Steven Soderbergh","Brad","Pitt"
855108,755006,"Oceans Eleven",2001,"Steven Soderbergh","George","Clooney"
755003,755007,"Raiders Of The Lost Ark",1981,"Steven Spielberg","Harrison","Ford"
855106,755008,"Seven",1995,"David Fincher","Brad","Pitt"
755007,755009,"Shrek",2001,"Andrew Adamson Vicky Jenson","Mike","Myers"
755016,755009,"Shrek",2001,"Andrew Adamson Vicky Jenson","Cameron","Diaz"
755017,755009,"Shrek",2001,"Andrew Adamson Vicky Jenson","Eddie","Murphy"
755011,755010,"Terminator 2",1991,"James Cameron","Arnold","Schwarzeneggar"
634002,755012,"The Matrix",1999,"Wachowski Brothers","Laurence ","Fishburne"
634005,755012,"The Matrix",1999,"Wachowski Brothers","Hugo","Weaving"
755010,755012,"The Matrix",1999,"Wachowski Brothers","Keanu","Reeves"
755013,755013,"White Chicks",2004,"Keenan Ivory Wayans","Marlon","Wayans"
755014,755014,"Star Wars: Episode I",1999,"George Lucas","Ewan","MacGregor"
755015,755014,"Star Wars: Episode I",1999,"George Lucas","Natalie","Portman"
764001,764001,"The Village",2004,"M. Night Shyamalan","Joaquin","Phoenix"
764011,764001,"The Village",2004,"M. Night Shyamalan","Bryce","Howard"
764012,764001,"The Village",2004,"M. Night Shyamalan","Adrien","Brody"
764013,764001,"The Village",2004,"M. Night Shyamalan","William","Hurt"
764014,764001,"The Village",2004,"M. Night Shyamalan","Sigourney","Weaver"
764015,764001,"The Village",2004,"M. Night Shyamalan","Brendan","Gleeson"
764016,764001,"The Village",2004,"M. Night Shyamalan","Micheal","Pitt"
634003,764002,"Troy",2004,"Wolfgang Peterson","Orlando","Bloom"
764002,764002,"Troy",2004,"Wolfgang Peterson","Diane","Kruger"
855106,764002,"Troy",2004,"Wolfgang Peterson","Brad","Pitt"
48006,764003,"National Treasure",2004,"Jon Turteltaub","Nicolas","Cage"
48015,764003,"National Treasure",2004,"Jon Turteltaub","Harvey","Keitel"
764003,764003,"National Treasure",2004,"Jon Turteltaub","Nicholas","Cage"
788009,764004,"Spider-Man 2",2004,"Sam Raimi","Tobey","Maguire"
156023,764005,"The Incredibles",2004,"Brad Bird","Samuel L.","Jackson"
755008,764005,"The Incredibles",2004,"Brad Bird","Craig","Nelson"
764005,764005,"The Incredibles",2004,"Brad Bird","Holly","Hunter"
764007,764007,"The Polar Express",2004,"Robert Zemeckis","Nona","Gaye"
764008,764008,"Hellboy",2004,"Guillermo del Toro","Ron","Perlman"
764017,764008,"Hellboy",2004,"Guillermo del Toro","John","Hurt"
764018,764008,"Hellboy",2004,"Guillermo del Toro","Selma","Blair"
764019,764008,"Hellboy",2004,"Guillermo del Toro","Jeffery","Tambor"
764020,764008,"Hellboy",2004,"Guillermo del Toro","David","Pierce"
764009,764009,"50 First Dates",2004,"Peter Segal","Adam","Sandler"
48004,764010,"Oceans Twelve",2004,"Steven Soderbergh","Gerge","Clooney"
48014,764010,"Oceans Twelve",2004,"Steven Soderbergh","Julia","Roberts"
492108,764010,"Oceans Twelve",2004,"Steven Soderbergh","Don","Cheadle"
658011,764010,"Oceans Twelve",2004,"Steven Soderbergh","Hugh","Grant"
693109,764010,"Oceans Twelve",2004,"Steven Soderbergh","Catherine","Zeta-Jones"
855106,764010,"Oceans Twelve",2004,"Steven Soderbergh","Brad","Pitt"
855108,764010,"Oceans Twelve",2004,"Steven Soderbergh","George","Clooney"
788001,788001,"When Harry Met Sally",1989,"Rob Reiner","Meg","Ryan"
788002,788002,"Being Human",1994,"Bill Forsyth","Robin","Williams"
788007,788004,"Bone Collector",1999,"Phillip Noyce","Angelina","Jolie"
872006,788004,"Bone Collector",1999,"Phillip Noyce","Denzel","Washington"
788002,788005,"Good Will Hunting",1997,"Gus Van Sant","Robin","Williams"
788006,788005,"Good Will Hunting",1997,"Gus Van Sant","Matt","Damon"
788009,788007,"Ride With the Devil",1999,"Ang Lee","Tobey","Maguire"
788003,788008,"Master and Commander: The Far Side of the World",2003,"Peter Weir","Russell","Crowe"
872008,788009,"The Others",2001,"Alejandro Amenabar","Nicole","Kidman"
48007,788010,"Love Actually",2003,"Richard Curtis","Dennis","Quaid"
658011,788010,"Love Actually",2003,"Richard Curtis","Hugh","Grant"
658015,788010,"Love Actually",2003,"Richard Curtis","Martine","McCutcheor"
755006,788011,"Fahrenheit 9/11",2004,"Michael Moore","Michael","Moore"
788011,788012,"Almost Famous",2000,"Cameron Crowe","Kate","Hudson"
658016,788013,"A Beautiful Mind",2001,"Ron Howard","Jennifer","Connelly"
658017,788013,"A Beautiful Mind",2001,"Ron Howard","Ed","Harris"
788003,788013,"A Beautiful Mind",2001,"Ron Howard","Russell","Crowe"
788001,788014,"Proof of Life",2000,"Taylor Hackford","Meg","Ryan"
788003,788014,"Proof of Life",2000,"Taylor Hackford","Russell","Crowe"
788010,788015,"Philadelphia",1993,"Jonathan Demme","Tom","Hanks"
872006,788015,"Philadelphia",1993,"Jonathan Demme","Denzel","Washington"
788001,788016,"Courage Under Fire",1996,"Edward Zwick","Meg","Ryan"
788006,788016,"Courage Under Fire",1996,"Edward Zwick","Matt","Damon"
872006,788016,"Courage Under Fire",1996,"Edward Zwick","Denzel","Washington"
788001,788017,"You've Got Mail",1998,"Nora Ephron","Meg","Ryan"
788010,788017,"You've Got Mail",1998,"Nora Ephron","Tom","Hanks"
693109,788018,"The terminal",2004,"Steven Spielberg","Catherine","Zeta-Jones"
788010,788018,"The terminal",2004,"Steven Spielberg","Tom","Hanks"
855100,855001,"Rush Hour 2",2001,"Brett Ratner","Jackie","Chan"
855101,855001,"Rush Hour 2",2001,"Brett Ratner","Chris","Tucker"
855101,855002,"The Fifth Element",1997,"Luc Besson","Chris","Tucker"
855102,855002,"The Fifth Element",1997,"Luc Besson","Bruce","Willis"
490006,855003,"Shall We Dance",2004,"Peter Chelsom","Jennifer","Lopez"
855103,855003,"Shall We Dance",2004,"Peter Chelsom","Jennifer","Lopez"
855104,855003,"Shall We Dance",2004,"Peter Chelsom","Richard","Gere"
855104,855004,"Runaway Bride",1999,"Garry Marshall","Richard","Gere"
855105,855004,"Runaway Bride",1999,"Garry Marshall","Julia","Roberts"
855105,855005,"Ocean Twelve",2004,"Steven Soderbergh","Julia","Roberts"
855106,855005,"Ocean Twelve",2004,"Steven Soderbergh","Brad","Pitt"
855107,855005,"Ocean Twelve",2004,"Steven Soderbergh","Catherine","Zeta-Jones"
855108,855005,"Ocean Twelve",2004,"Steven Soderbergh","George","Clooney"
693109,855006,"Intolerable Cruelty",2003,"Joel Coen","Catherine","Zeta-Jones"
855107,855006,"Intolerable Cruelty",2003,"Joel Coen","Catherine","Zeta-Jones"
855108,855006,"Intolerable Cruelty",2003,"Joel Coen","George","Clooney"
855109,855007,"Finding Neverland",2004,"Marc Forster","Johnny","Depp"
855110,855007,"Finding Neverland",2004,"Marc Forster","Kate","Winslet"
855109,855008,"Sleepy Hollow",1999,"Tim Burton","Johnny","Depp"
855111,855008,"Sleepy Hollow",1999,"Tim Burton","Christina","Ricci"
855110,855009,"External Sunshine of the Spotless Mind",2004,"Michel Gondry","Kate","Winslet"
855112,855009,"External Sunshine of the Spotless Mind",2004,"Michel Gondry","Jim","Carrery"
412019,872001,"Catwoman",2004,"Pitof","Halle","Berry"
872001,872001,"Catwoman",2004,"Pitof","Halle","Barry"
872002,872002,"Are We There Yet",2005,"Brian Levant","Ice","Cube"
48003,872003,"Meet the Fockers",2004,"Jay Roach","Ben","Stiller"
48016,872003,"Meet the Fockers",2004,"Jay Roach","Barbra","Streisand"
326112,872003,"Meet the Fockers",2004,"Jay Roach","Owen","Wilson"
693108,872003,"Meet the Fockers",2004,"Jay Roach","Dustin","Hoffman"
693118,872003,"Meet the Fockers",2004,"Jay Roach","Robert","DeNiro"
764006,872003,"Meet the Fockers",2004,"Jay Roach","Robert","De Niro"
872003,872003,"Meet the Fockers",2004,"Jay Roach","Ben","Stiller"
872003,872004,"Dodgeball: A True Underdog Story",2004,"Rawson Marshall Thurber","Ben","Stiller"
872004,872004,"Dodgeball: A True Underdog Story",2004,"Rawson Marshall Thurber","Vince","Vaughn"
326112,872005,"Starsky & Hutch",2004,"Todd Phillips","Owen","Wilson"
872003,872005,"Starsky & Hutch",2004,"Todd Phillips","Ben","Stiller"
872004,872005,"Starsky & Hutch",2004,"Todd Phillips","Vince","Vaughn"
872005,872005,"Starsky & Hutch",2004,"Todd Phillips","Snoop","Dogg"
683016,872006,"Training Day",2001,"Antonie Fuqua","Eva","Mendes"
693113,872006,"Training Day",2001,"Antonie Fuqua","Ethan","Hawke"
872005,872006,"Training Day",2001,"Antonie Fuqua","Snoop","Dogg"
872006,872006,"Training Day",2001,"Antonie Fuqua","Denzel","Washington"
872006,872007,"Man on Fire",2001,"Tony Scott","Denzel","Washington"
872007,872007,"Man on Fire",2001,"Tony Scott","Christopher","Walken"
872007,872008,"The Stepford Wives",2004,"Frank Oz","Christopher","Walken"
872008,872008,"The Stepford Wives",2004,"Frank Oz","Nicole","Kidman"
872008,872009,"Eyes Wide Shut",1999,"Stanley Kubrick","Nicole","Kidman"
872009,872009,"Eyes Wide Shut",1999,"Stanley Kubrick","Tom","Cruise"
872009,872010,"Collateral",2004,"Michael Mann","Tom","Cruise"
872010,872010,"Collateral",2004,"Michael Mann","Jamie","Fox"
872010,872011,"Ray",2004,"Taylor Hackford","Jamie","Fox"
872011,872011,"Ray",2004,"Taylor Hackford","Kerry","Washington"
872011,872012,"Bad Company",2002,"Joel Schumacher","Kerry","Washington"
907000,907000,"One Eight Seven",1997,"Kevin Reynolds","Samuel","Jackson"
907009,907000,"One Eight Seven",1997,"Kevin Reynolds","Tara","Subkoff"
907001,907001,"Thir13en Ghosts",2001,"Steve Beck","Tony","Shalhoub"
907008,907001,"Thir13en Ghosts",2001,"Steve Beck","Timothy","Spall"
907002,907002,"24 Hour Party People",2002,"Michael Winterbottom","Steve","Coogan"
907007,907002,"24 Hour Party People",2002,"Michael Winterbottom","Christian","Bale"
907003,907003,"2001: A Space Odyssey",1968,"Stanley Kubrick","Keir","Dullea"
907006,907003,"2001: A Space Odyssey",1968,"Stanley Kubrick","Hilary","Swank"
907004,907004,"A Clockwork Orange",1971,"Stanley Kubrik","Malcolm","McDowell"
907005,907004,"A Clockwork Orange",1971,"Stanley Kubrik","Kurt","Russell"
907004,907005,"3000 Miles to Graceland",2001,"Demian Lichtenstein","Malcolm","McDowell"
907005,907005,"3000 Miles to Graceland",2001,"Demian Lichtenstein","Kurt","Russell"
907003,907006,"The Affair of the Necklace",2001,"Charles Shyer","Keir","Dullea"
907006,907006,"The Affair of the Necklace",2001,"Charles Shyer","Hilary","Swank"
412029,907007,"Batman Begins",2005,"Christopher Nolan","Michael","Caine"
412030,907007,"Batman Begins",2005,"Christopher Nolan","Liam","Neeson"
412031,907007,"Batman Begins",2005,"Christopher Nolan","Morgan","Freeman"
412032,907007,"Batman Begins",2005,"Christopher Nolan","Katie","Holmes"
788009,907007,"Batman Begins",2005,"Christopher Nolan","Tobey","Maguire"
907002,907007,"Batman Begins",2005,"Christopher Nolan","Steve","Coogan"
907007,907007,"Batman Begins",2005,"Christopher Nolan","Christian","Bale"
907001,907008,"All or Nothing",2002,"Mike Leigh","Tony","Shalhoub"
907008,907008,"All or Nothing",2002,"Mike Leigh","Timothy","Spall"
907000,907009,"All Over Me",1997,"Alex Sichel","Samuel","Jackson"
907009,907009,"All Over Me",1997,"Alex Sichel","Tara","Subkoff"
